Workbook

Sheet loginDetails
A1: username | B1: password
A2: manoj.auto | B2: Manoj@2024
A3: thayne.auto | B3: Thayne@2024
A4: prerelease.auto | B4: Manoj@2025
A5: manoj.auto | B5: Manoj@2023
A6: jadon.auto | B6: Jadon@2024

Sheet addPatient
A1: pat_ethnicity_cod_id | B1: pat_hospital_ref | C1: pat_nhs_ref | D1: pat_identifier | E1: pat_title | F1: pat_firstname | G1: pat_surname | H1: pat_sex | I1: pat_dob | J1: pat_marital_status | K1: pat_ethnicity_text | L1: pat_occupation | M1: pat_notes | N1: pat_type | O1: pat_image | P1: pat_maiden_name | Q1: pat_consent_given | R1: pat_blood_group | S1: pat_religion | T1: pat_practising_religion | U1: pat_middlename | V1: pat_registered_disabled_yes | W1: pat_registered_disabled | X1: pat_currently_pregnant_yes | Y1: pat_currently_pregnant | Z1: pat_language | AA1: pat_disability | AB1: pat_temp_address_start | AC1: pat_record_private_set_by | AD1: pat_consent_given_age | AE1: pat_pin | AF1: pat_anonymous | AG1: pat_alias | AH1: pat_complications | AI1: pat_country_of_birth | AJ1: pat_gender_at_birth | AK1: pat_soundex | AL1: pat_registered_with_patientweb | AM1: pat_nationality | AN1: pat_sexuality | AO1: pat_prisoner_yes | AP1: pat_prisoner | AQ1: pat_county_of_birth | AR1: pat_town_of_birth | AS1: pat_mothername | AT1: pat_is_baby_born_in_this_hospital | AU1: pat_sexual_orientation_eli_text | AV1: pat_disability_note
B2: HospLin16 | E2: B/O | F2: LinuxPatAo | G2: Riomed | H2: Male | I2: 22/09/2023 | J2: Single | K2: Indian | L2: Trainer | M2: Added This patient for Testing | N2: Regular | P2: Pune | R2: B+ | S2: Hindu | U2: Martin | V2: No | W2: 0 | X2: No | Y2: 0 | Z2: English | AB2: =TODAY() -> 45975 | AI2: India | AJ2: M | AM2: Indian | AO2: No | AQ2: Maharashtra | AR2: Pune | AU2: Heterosexuality | AV2: For Testing

Sheet editPatient
A1: pat_ethnicity_cod_id | B1: pat_hospital_ref | C1: pat_nhs_ref | D1: pat_identifier | E1: pat_title | F1: pat_firstname | G1: pat_surname | H1: pat_sex | I1: pat_dob | J1: pat_marital_status | K1: pat_ethnicity_text | L1: pat_occupation | M1: pat_notes | N1: pat_type | O1: pat_image | P1: pat_maiden_name | Q1: pat_consent_given | R1: pat_blood_group | S1: pat_religion | T1: pat_practising_religion | U1: pat_middlename | V1: pat_registered_disabled | W1: pat_currently_pregnant | X1: pat_currently_pregnant_yes | Y1: pat_language | Z1: pat_disability | AA1: pat_temp_address_start | AB1: pat_record_private_set_by | AC1: pat_consent_given_age | AD1: pat_pin | AE1: pat_anonymous | AF1: pat_alias | AG1: pat_complications | AH1: pat_country_of_birth | AI1: pat_gender_at_birth | AJ1: pat_soundex | AK1: pat_registered_with_patientweb | AL1: pat_nationality | AM1: pat_sexuality | AN1: pat_prisoner_yes | AO1: pat_prisoner | AP1: pat_county_of_birth | AQ1: pat_town_of_birth | AR1: pat_mothername | AS1: pat_is_baby_born_in_this_hospital | AT1: pat_sexual_orientation_eli_text | AU1: pat_disability_note
B2: AutoHosp109 | E2: B/O | F2: =addPatient!F2 -> LinuxPatAo | G2: =addPatient!G2 -> Riomed | H2: =addPatient!H2 -> Male | I2: =addPatient!I2 -> 22/09/2023 | J2: Single | K2: Indian | L2: Trainer | M2: Added for Testing | N2: Regular | P2: Pune | R2: B+ | S2: Hindu | U2: Martin | V2: 0 | W2: 0 | X2: Yes | Y2: English | AA2: 01-04-2023 | AH2: India | AI2: M | AL2: Indian | AN2: No | AO2: 0 | AP2: Maharashtra | AQ2: Pune | AT2: Heterosexuality | AU2: For Testing

Sheet patientIdentifier
A1: pat_firstname | B1: pat_lastname | C1: pat_sex | D1: pat_dob | E1: pid_value1 | F1: pid_value2 | G1: pat_country | H1: pat_title | I1: pat_middlename | J1: add_email
A2: =addPatient!F2 -> LinuxPatAo | B2: =addPatient!G2 -> Riomed | C2: =addPatient!H2 -> Male | D2: =addPatient!I2 -> 22/09/2023 | E2: 8962845424 | F2: Ind009 | G2: India | H2: B/O | I2: Martin | J2: =CONCATENATE(A2,"_",B2,"@Gmail.com") -> LinuxPatAo_Riomed@Gmail.com

Sheet tempAddress
A1: add_address1 | B1: add_address2 | C1: add_address3 | D1: add_address4 | E1: add_address5 | F1: add_address6 | G1: add_phone | H1: add_mobile | I1: add_email | J1: add_fax | K1: add_work_phone | L1: add_iso_country_code | M1: add_icao_country_code | O1: add_notes
A2: Flat no 1101 | B2: Mumbai | C2: SaiCapital | D2: Maharashtra | E2: 4110 11 | F2: United Kingdom of Great Britain and Northern Ireland | G2: 8888888800 | H2: 9762713710 | I2: =CONCATENATE(B2,"_",C2,"@gmail.com") -> Mumbai_SaiCapital@gmail.com | J2: 8181808080 | K2: 666999 | L2: 91 | M2: 54215 | N2: 91 | O2: Added temp address for testing

Sheet permanentAddress
A1: add_address1 | B1: add_address2 | C1: add_address3 | D1: add_address4 | E1: add_address5 | F1: add_address6 | G1: add_phone | H1: add_mobile | I1: add_email | J1: add_fax | K1: add_work_phone | L1: add_iso_country_code | M1: add_icao_country_code | N1: add_notes
A2: Flat no 1101 | B2: Mumbai | C2: SaiCapital | D2: Maharashtra | E2: 4110 11 | F2: United Kingdom of Great Britain and Northern Ireland | G2: 7700770077 | H2: 9762713710 | I2: =CONCATENATE(B2,"_",C2,"@gmail.com") -> Mumbai_SaiCapital@gmail.com | J2: 112233 | K2: 9890098900 | L2: 91 | M2: 542152 | N2: Added Permanent Address Notes

Sheet pip
A1: pip_title | B1: pip_firstname | C1: pip_surname | D1: pip_relationship | E1: pip_next_of_kin | F1: pip_next_of_kin_Yes | G1: pip_next_of_kin | H1: pip_notes | I1: pip_family_aware_illness_yes | J1: pip_family_aware_illness | K1: pip_family_aware_illness_yes | L1: pip_type | M1: pip_currency | N1: pip_middlename | O1: pip_gender | P1: pip_dob | Q1: pip_id_number | R1: pip_can_collect_drugs | S1: pip_identifier_type | T1: pip_identifier_number | U1: pip_chiNumber | V1: pip_send_txt_email_yes | W1: pip_send_txt_email | X1: pip_send_txt_email_yes | Y1: pip_occupation_id | Z1: pip_ethnicity_text | AA1: pip_ethnicity_id | AB1: pip_partner_print | AC1: pip_pan_id | AD1: pip_receive_pat_appt_letter | AE1: pip_receive_pat_appt_letter_no | AF1: pip_receive_patient_letter | AG1: pip_receive_patient_letter_no | AH1: pip_department | AI1: pip_professional_title | AJ1: pip_is_referrer
A2: Mr | B2: Wednesday | C2: Tester | D2: Brother | E2: 1 | F2: Yes | G2: 0 | H2: Added for testing | I2: Yes | J2: 1 | K2: Yes | N2: Middle | O2: M | P2: 01/01/1995 | S2: Aadhar Card | T2: 989798979897 | U2: 123456 | V2: Yes | W2: 1 | X2: Yes | Z2: Indian | AA2: 6882 | AD2: 0 | AE2: No | AF2: 0 | AG2: No | AI2: Prof

Sheet pipAddress
A1: add_address1 | B1: add_address2 | C1: add_address3 | D1: add_address4 | E1: add_address5 | F1: add_address6 | G1: add_phone | H1: add_mobile | I1: add_email | J1: add_fax | K1: add_work_phone | L1: add_postcode_nospaces | M1: add_company_name | O1: add_iso_country_code | P1: add_icao_country_code | R1: add_notes
A2: Flat no 101 | B2: Pune | C2: Sai Capital | D2: India | E2: 4110 28 | F2: India | G2: 9854148754 | H2: 9890098900 | I2: PIP@gmail.com | J2: 985421547 | K2: 22547545

Sheet addGP
A1: egp_title | B1: egp_initials | C1: egp_first_name | D1: egp_surname | E1: egp_gp_code | F1: egp_practise_code | G1: egp_gmc_code | H1: egp_fullname
A2: Mr | B2: R | C2: Priya | D2: Kolhe | E2: GP0001 | F2: GPPCT0001 | G2: GPGMC0001 | H2: Kolhe Priya R

Sheet gpAddress
A1: add_address1 | B1: add_address2 | C1: add_address3 | D1: add_address4 | E1: add_address5 | F1: add_address6 | G1: add_address6 | H1: add_phone | I1: add_fax | J1: add_work_phone | K1: add_mobile | L1: add_email
A2: ParkInfinia | B2: Kharadi | C2: Pune | D2: Maharashtra | E2: 4000 28 | F2: United Kingdom of Great Britain and Northern Ireland | G2: India | H2: 44244244 | I2: 11255255 | J2: 22547545 | K2: 9890098900 | L2: PIP@gmail.com

Sheet AddReferral
A1: rtt_referral_received_date | B1: rtt_referral_approved_date | C1: ref_referral_date | D1: ref_time_set | E1: SourceOFReferral | F1: ref_referral_type_eli_text | G1: ReferralReason | H1: ReferringProfession | I1: ref_referral_mode | J1: cli_name | K1: ref_clinic_type | L1: ref_clinic_location | M1: ClinicLocation | N1: ref_region_eli_text | O1: PatientCare | P1: ref_preferred_examiner_sex_entry | Q1: ref_preferred_examiner_sex | R1: Consultant | S1: ref_method_of_arrival | T1: ref_time_of_arrival
A2: 04/03/2024 | B2: 05/03/2024 | C2: 04/03/2024 | D2: 12:00:00 | E2: Self | F2: Clinical | G2: In Patient | I2: Email | J2: General Medicine Automation | K2: Cardiology Clinic | L2: Cath Lab Location | N2: HP Region1 | P2: Male | Q2: male | S2: Ambulance | T2: 11:00:00

Sheet ConfirmExistingDetails
A1: pat_name_other_lang | B1: pat_need_interpreter_at_appointments | C1: add_email | D1: add_mobile | E1: add_phone | F1: pip_title | G1: pip_firstname | H1: pip_surname | I1: pip_relationship
A2: Cellma | B2: Yes | C2: Pune.India@gmail.com | D2: 9800652518 | E2: 9854148754 | F2: Mr | G2: Givenname | H2: Familyname | I2: Brother

Sheet ConfirmExistingDetailsTAdd
A1: add_company_name | B1: add_address1 | C1: add_address2 | D1: add_address3 | E1: add_address4 | F1: add_address5 | G1: add_address6 | H1: add_phone | I1: add_mobile
A2: Riomed UK | B2: Riomed UK, FC Road | C2: Pune | D2: Ganga Capital | E2: India | F2: 4110 02 | G2: India | H2: 9762713710 | I2: 9890098920

Sheet SPaddPatient
A1: pat_ethnicity_cod_id | B1: pat_hospital_ref | C1: pat_nhs_ref | D1: pat_identifier | E1: pat_title | F1: pat_firstname | G1: pat_surname | H1: pat_sex | I1: pat_dob | J1: pat_marital_status | K1: pat_ethnicity_text | L1: pat_occupation | M1: pat_notes | N1: pat_type | O1: pat_image | P1: pat_maiden_name | Q1: pat_consent_given | R1: pat_blood_group | S1: pat_religion | T1: pat_practising_religion | U1: pat_middlename | V1: pat_registered_disabled_yes | W1: pat_registered_disabled | X1: pat_currently_pregnant_yes | Y1: pat_currently_pregnant | Z1: pat_language | AA1: pat_disability | AB1: pat_temp_address_start | AC1: pat_record_private_set_by | AD1: pat_consent_given_age | AE1: pat_pin | AF1: pat_anonymous | AG1: pat_alias | AH1: pat_complications | AI1: pat_country_of_birth | AJ1: pat_gender_at_birth | AK1: pat_soundex | AL1: pat_registered_with_patientweb | AM1: pat_nationality | AN1: pat_sexuality | AO1: pat_prisoner_yes | AP1: pat_prisoner | AQ1: pat_county_of_birth | AR1: pat_town_of_birth | AS1: pat_mothername | AT1: pat_is_baby_born_in_this_hospital | AU1: pat_sexual_orientation_eli_text | AV1: pat_disability_note
B2: hospRef1001 | C2: NHS002 | D2: IDF007 | E2: B/O | F2: Sakal | G2: Riomed | H2: M | I2: 22/09/2023 | J2: Single | K2: Indian | L2: Trainer | M2: Added for Testing | N2: Regular | P2: Pune | R2: B+ | S2: Hindu | U2: Martin | V2: No | W2: 0 | X2: No | Y2: 0 | Z2: English | AB2: 01-04-2023 | AI2: India | AJ2: M | AM2: Indian | AO2: No | AQ2: Maharashtra | AR2: Pune | AU2: Heterosexuality | AV2: For Testing

Sheet SPAddress
A1: add_address1 | B1: add_address2 | C1: add_address3 | D1: add_address4 | E1: add_address5 | F1: add_address6
A2: 15 number | B2: Pune | C2: Hadapsar | D2: Maharashtra | E2: 4110 01 | F2: India

Sheet SPeditPatient
A1: pat_ethnicity_cod_id | B1: pat_hospital_ref | C1: pat_nhs_ref | D1: pat_identifier | E1: pat_title | F1: pat_firstname | G1: pat_surname | H1: pat_sex | I1: pat_dob | J1: pat_marital_status | K1: pat_ethnicity_text | L1: pat_occupation | M1: pat_notes | N1: pat_type | O1: pat_image | P1: pat_maiden_name | Q1: pat_consent_given | R1: pat_blood_group | S1: pat_religion | T1: pat_practising_religion | U1: pat_middlename | V1: pat_registered_disabled | W1: pat_currently_pregnant | X1: pat_language | Y1: pat_disability | Z1: pat_temp_address_start | AA1: pat_record_private_set_by | AB1: pat_consent_given_age | AC1: pat_pin | AD1: pat_anonymous | AE1: pat_alias | AF1: pat_complications | AG1: pat_country_of_birth | AH1: pat_gender_at_birth | AI1: pat_soundex | AJ1: pat_registered_with_patientweb | AK1: pat_nationality | AL1: pat_sexuality | AM1: pat_prisoner_yes | AN1: pat_prisoner | AO1: pat_county_of_birth | AP1: pat_town_of_birth | AQ1: pat_mothername | AR1: pat_is_baby_born_in_this_hospital | AS1: pat_sexual_orientation_eli_text | AT1: pat_disability_note
B2: =SPaddPatient!B2 -> hospRef1001 | E2: B/O | F2: =SPaddPatient!F2 -> Sakal | G2: =SPaddPatient!G2 -> Riomed | H2: =addPatient!H2 -> Male | I2: =SPaddPatient!I2 -> 22/09/2023 | J2: Single | K2: Indian | L2: Trainer | M2: Added for Testing | N2: Regular | P2: Pune | R2: B+ | S2: Hindu | U2: Martin | V2: 0 | W2: 0 | X2: English | Z2: 01-04-2023 | AG2: India | AH2: M | AK2: Indian | AM2: No | AN2: 0 | AO2: Maharashtra | AP2: Pune | AS2: Heterosexuality | AT2: For Testing

Sheet SPpatientIdentifier
A1: pat_firstname | B1: pat_lastname | C1: pat_sex | D1: pat_dob | E1: pid_value1 | F1: pid_value2 | G1: pat_country | H1: pat_title | I1: pat_middlename | J1: add_email
A2: =SPaddPatient!F2 -> Sakal | B2: =SPaddPatient!G2 -> Riomed | C2: =addPatient!H2 -> Male | D2: =SPaddPatient!I2 -> 22/09/2023 | E2: 7794778477 | F2: SPInd001 | G2: India | H2: B/O | I2: =SPaddPatient!U2 -> Martin | J2: =CONCATENATE(A2,".",B2,"@Gmail.com") -> Sakal.Riomed@Gmail.com

Sheet SPpermanentAddress
A1: add_address1 | B1: add_address2 | C1: add_address3 | D1: add_address4 | E1: add_address5 | F1: add_address6 | G1: add_phone | H1: add_mobile | I1: add_email | J1: add_fax | K1: add_work_phone | L1: add_postcode_nospaces | M1: add_company_name | N1: add_iso_country_code | O1: add_icao_country_code | P1: add_notes
A2: Flat no 2505 | B2: Mumbai | C2: ForestCounty | D2: Maharashtra | E2: 4110 14 | F2: India | G2: 2026996541 | H2: 9422101112 | I2: =CONCATENATE(B2,".",C2,"@gmail.com") -> Mumbai.ForestCounty@gmail.com | J2: 112233 | K2: 2026981025 | L2: 411004 | M2: Riomed | N2: 91 | O2: 542152 | P2: For testing

Sheet SPtempAddress
A1: add_address1 | B1: add_address2 | C1: add_address3 | D1: add_address4 | E1: add_address5 | F1: add_address6 | G1: add_phone | H1: add_mobile | I1: add_email | J1: add_fax | K1: add_work_phone | L1: add_postcode_nospaces | M1: add_company_name | N1: add_iso_country_code | O1: add_icao_country_code | Q1: add_notes
A2: =SPpermanentAddress!A2 -> Flat no 2505 | B2: =SPpermanentAddress!B2 -> Mumbai | C2: =SPpermanentAddress!C2 -> ForestCounty | D2: =SPpermanentAddress!D2 -> Maharashtra | E2: =SPpermanentAddress!E2 -> 4110 14 | F2: =SPpermanentAddress!F2 -> India | G2: 7777777700 | H2: 9762713710 | I2: =CONCATENATE(B2,".",C2,"@gmail.com") -> Mumbai.ForestCounty@gmail.com | J2: 8181808080 | K2: 666999 | L2: 411001 | M2: Riomed | N2: 91 | O2: 54215 | P2: 91 | Q2: Added for testing

Sheet SPpip
A1: pip_title | B1: pip_firstname | C1: pip_surname | D1: pip_relationship | E1: pip_next_of_kin_yes | F1: pip_next_of_kin | G1: pip_notes | H1: pip_family_aware_illness_yes | I1: pip_family_aware_illness | J1: pip_type | K1: pip_currency | L1: pip_middlename | M1: pip_gender | N1: pip_dob | O1: pip_id_number | P1: pip_can_collect_drugs | Q1: pip_identifier_type | R1: pip_identifier_number | S1: pip_send_txt_email_yes | T1: pip_send_txt_email | U1: pip_occupation_id | V1: pip_ethnicity_text | W1: pip_ethnicity_id | X1: pip_partner_print | Y1: pip_pan_id | Z1: pip_receive_pat_appt_letter | AA1: pip_receive_patient_letter | AD1: pip_department | AF1: pip_professional_title | AG1: pip_is_referrer
A2: Mr | B2: Wednesday | C2: Tester | D2: Brother | E2: No | F2: 0 | G2: Added for testing | H2: Yes | I2: 1 | L2: Middle | M2: M | N2: 01/01/1995 | S2: Yes | T2: 1 | V2: Indian | W2: 6882 | AF2: Prof

Sheet SPaddGP
A1: egp_title | B1: egp_initials | C1: egp_first_name | D1: egp_surname | E1: egp_gp_code | F1: egp_pct_code | G1: egp_pct_name | H1: egp_practise_code | I1: egp_ccg | J1: egp_gmc_code | K1: egp_fullname
A2: Mr | B2: R | C2: Riya | D2: Patil | E2: GP0001 | F2: GPPCT0001 | J2: GPGMC0001 | K2: ABADI

Sheet SPgpAddress
A1: add_address1 | B1: add_address2 | C1: add_address3 | D1: add_address4 | E1: add_address5 | F1: add_address6 | G1: add_phone | H1: add_fax | I1: add_work_phone | J1: add_mobile | K1: add_email
A2: Lane No 1 | B2: Hinjewadi | C2: Pune | D2: Maharashtra | E2: 4000 14 | F2: India | G2: 44244244 | H2: 11255255 | I2: 22547545 | J2: 9890098900 | K2: PIP@gmail.com

Sheet patDetails
A1: pat_hospital_ref | B1: pat_dod | C1: pat_tod | D1: pat_dead_confirmation_status | E1: pat_death_notes | F1: pat_firstname | G1: pat_surname
A2: =addPatient!B2 -> HospLin16 | B2: 29/10/2023 | C2: 00:11 | D2: confirmed | E2: Added For Testing | F2: =addPatient!F2 -> LinuxPatAo | G2: =addPatient!G2 -> Riomed

Sheet patCauseOfDeath
A1: pod_cause | B1: pod_cause_code | C1: pod_cause_code_type
A2: Cryptosporidiosis | B2: A07.2 | C2: icd10

Sheet patOtherCauseOfDeath
A1: pod_cause | B1: pod_cause_of_death_type_eli_text | C1: pod_cause_code | D1: pod_cause_code_type
A2: Pulmonary candidosis | B2: Cancer | C2: 1F23.31
